country_code,country_name,n
ABW,Aruba,0
AFG,Afghanistan,15
AGO,Angola,3
ALB,Albania,1
AND,Andorra,0
ARB,Arab World,0
ARE,United Arab Emirates,1
ARG,Argentina,7
ARM,Armenia,4
ASM,American Samoa,5
ATG,Antigua and Barbuda,0
AUS,Australia,105
AUT,Austria,10
AZE,Azerbaijan,21
BDI,Burundi,1
BEL,Belgium,0
BEN,Benin,0
BFA,Burkina Faso,1
BGD,Bangladesh,58
BGR,Bulgaria,35
BHR,Bahrain,0
BHS,"Bahamas, The",0
BIH,Bosnia and Herzegovina,12
BLR,Belarus,0
BLZ,Belize,1
BMU,Bermuda,2
BOL,Bolivia,11
BRA,Brazil,214
BRB,Barbados,1
BRN,Brunei Darussalam,14
BTN,Bhutan,20
BWA,Botswana,0
CAF,Central African Republic,0
CAN,Canada,174
CHE,Switzerland,19
CHI,Channel Islands,0
CHL,Chile,14
CHN,China,426
CIV,Cote d'Ivoire,7
CMR,Cameroon,4
COD,"Congo, Dem. Rep.",3
COG,"Congo, Rep.",1
COL,Colombia,101
COM,Comoros,0
CPV,Cabo Verde,0
CRI,Costa Rica,76
CUB,Cuba,3
CUW,Curacao,0
CYM,Cayman Islands,0
CYP,Cyprus,0
CZE,Czech Republic,3
DEU,Germany,3
DJI,Djibouti,0
DMA,Dominica,16
DNK,Denmark,0
DOM,Dominican Republic,17
DZA,Algeria,1
ECU,Ecuador,32
EGY,"Egypt, Arab Rep.",1
EMU,Euro area,0
ERI,Eritrea,0
ESP,Spain,14
EST,Estonia,0
ETH,Ethiopia,2
FIN,Finland,0
FJI,Fiji,35
FRA,France,22
FRO,Faroe Islands,0
FSM,"Micronesia, Fed. Sts.",0
GAB,Gabon,1
GBR,United Kingdom,229
GEO,Georgia,39
GHA,Ghana,7
GIB,Gibraltar,0
GIN,Guinea,4
GMB,"Gambia, The",0
GNB,Guinea-Bissau,0
GNQ,Equatorial Guinea,0
GRC,Greece,5
GRD,Grenada,2
GRL,Greenland,0
GTM,Guatemala,82
GUM,Guam,1
GUY,Guyana,0
HKG,"Hong Kong SAR, China",2
HND,Honduras,39
HRV,Croatia,2
HTI,Haiti,22
HUN,Hungary,0
IDN,Indonesia,355
IMN,Isle of Man,4
IND,India,1265
IRL,Ireland,23
IRN,"Iran, Islamic Rep.",6
IRQ,Iraq,0
ISL,Iceland,4
ISR,Israel,2
ITA,Italy,55
JAM,Jamaica,37
JEY,Hey,1
JOR,Jordan,1
JPN,Japan,82
KAZ,Kazakhstan,1
KEN,Kenya,54
KGZ,Kyrgyz Republic,32
KHM,Cambodia,1
KIR,Kiribati,0
KNA,St. Kitts and Nevis,2
KOR,"Korea, Rep.",11
KWT,Kuwait,0
LAO,Lao PDR,4
LBN,Lebanon,9
LBR,Liberia,2
LBY,Libya,0
LCA,St. Lucia,8
LIE,Liechtenstein,0
LKA,Sri Lanka,75
LSO,Lesotho,0
LTU,Lithuania,0
LUX,Luxembourg,2
LVA,Latvia,0
MAC,"Macao SAR, China",0
MAF,St. Martin (French part),0
MAR,Morocco,1
MCO,Monaco,0
MDA,Moldova,0
MDG,Madagascar,7
MDV,Maldives,0
MEX,Mexico,86
MHL,Marshall Islands,0
MKD,"Macedonia, FYR",4
MLI,Mali,0
MLT,Malta,0
MMR,Myanmar,44
MNE,Montenegro,1
MNG,Mongolia,1
MNP,Northern Mariana Islands,0
MOZ,Mozambique,0
MRT,Mauritania,0
MUS,Mauritius,1
MWI,Malawi,1
MYS,Malaysia,171
NAC,North America,0
NAM,Namibia,2
NCL,New Caledonia,0
NER,Niger,0
NGA,Nigeria,15
NIC,Nicaragua,31
NLD,Netherlands,0
NOR,Norway,22
NPL,Nepal,481
NRU,Nauru,0
NZL,New Zealand,106
OMN,Oman,1
PAK,Pakistan,142
PAN,Panama,44
PER,Peru,58
PHL,Philippines,675
PLW,Palau,0
PNG,Papua New Guinea,21
POL,Poland,2
PRI,Puerto Rico,7
PRK,"Korea, Dem. Peopleâ€™s Rep.",7
PRT,Portugal,6
PRY,Paraguay,1
PYF,French Polynesia,0
QAT,Qatar,0
ROU,Romania,3
RUS,Russian Federation,13
RWA,Rwanda,6
SAS,South Asia,0
SAU,Saudi Arabia,5
SDN,Sudan,1
SEN,Senegal,0
SGP,Singapore,1
SLB,Solomon Islands,5
SLE,Sierra Leone,7
SLV,El Salvador,22
SMR,San Marino,0
SOM,Somalia,0
SRB,Serbia,5
SSD,South Sudan,0
SSF,Sub-Saharan Africa,0
SST,Small states,0
STP,Sao Tome and Principe,0
SUR,Suriname,0
SVK,Slovak Republic,2
SVN,Slovenia,1
SWE,Sweden,0
SWZ,Eswatini,1
SXM,Sint Maarten (Dutch part),0
SYC,Seychelles,0
SYR,Syrian Arab Republic,0
TCA,Turks and Caicos Islands,0
TCD,Chad,0
TGO,Togo,0
THA,Thailand,77
TJK,Tajikistan,20
TKM,Turkmenistan,0
TLS,Timor-Leste,2
TON,Tonga,0
TTO,Trinidad and Tobago,65
TUN,Tunisia,0
TUR,Turkey,21
TUV,Tuvalu,0
TWN,Taiwan,68
TZA,Tanzania,5
UGA,Uganda,45
UKR,Ukraine,3
URY,Uruguay,0
USA,United States,2992
UZB,Uzbekistan,1
VCT,St. Vincent and the Grenadines,5
VEN,"Venezuela, RB",21
VGB,British Virgin Islands,0
VIR,Virgin Islands (U.S.),2
VNM,Vietnam,116
VUT,Vanuatu,2
WLD,World,0
WSM,Samoa,0
XKX,Kosovo,0
YEM,"Yemen, Rep.",7
ZAF,South Africa,21
ZMB,Zambia,1
ZWE,Zimbabwe,0